{
  "project_info": {
    "project_number": "434482445457",
    "firebase_url": "https://mlkit-dea50.firebaseio.com",
    "project_id": "mlkit-dea50",
    "storage_bucket": "mlkit-dea50.appspot.com"
  },
  "client": [
    {
      "client_info": {
        "mobilesdk_app_id": "1:434482445457:android:32157c061d6517e1259330",
        "android_client_info": {
          "package_name": "com.example.mlkit"
        }
      },
      "oauth_client": [
        {
          "client_id": "434482445457-tllv8i81bju1uq9gv7ngsc1i3669hfme.apps.googleusercontent.com",
          "client_type": 1,
          "android_info": {
            "package_name": "com.example.mlkit",
            "certificate_hash": "87d980c8a5eed48905e2cd0c78fd4f76542aa85f"
          }
        },
        {
          "client_id": "434482445457-n2omgbv3rllvo84clibgrthv8a6tr6ro.apps.googleusercontent.com",
          "client_type": 3
        }
      ],
      "api_key": [
        {
          "current_key": "AIzaSyD0XUjGraEufCaBKWkfd8LkYpmKMJATaPk"
        }
      ],
      "services": {
        "appinvite_service": {
          "other_platform_oauth_client": [
            {
              "client_id": "434482445457-n2omgbv3rllvo84clibgrthv8a6tr6ro.apps.googleusercontent.com",
              "client_type": 3
            }
          ]
        }
      }
    }
  ],
  "configuration_version": "1"
}